Workbook

Sheet Site 1 (HUB)
A1: site | B1: intf_prefix | C1: router-id | D1: brukernavn | E1: passord | F1: vty_lines | G1: secret | H1: tacacs_key | I1: DHCP | J1: dns_servers
A2: 1 | B2: g0/ | C2: =A2&"."&A2&"."&A2&".0" -> 1.1.1.0 | D2: admin | E2: $9$0nNdTjfcaOQFlP$4VgON16XmZXlfGr4BcOzEN7OoRxfPIAcXDQ0afwx67k | F2: 0 - 15 | G2: $9$0nNdTjfcaOQFlP$4VgON16XmZXlfGr4BcOzEN7OoRxfPIAcXDQ0afwx67k | H2: TACACS-KEY | I2: TRUE | J2: 192.168.255.1
A4: vrf | B4: vlan | C4: interface | D4: nett id | E4: gateway | F4: mask | G4: address min | H4: address max | I4: antall-res | J4: pri-afxx | K4: pri-1-10
A5: MGMT | B5: 10 | C5: 0 | D5: =10&"."&(B5+A2)&"."&0&"."&0 -> 10.11.0.0 | E5: =LEFT(D5,LEN(D5)-1)&"1" -> 10.11.0.1 | F5: 255.255.0.0 | G5: =LEFT(D5,LEN(D5)-1)&"1" -> 10.11.0.1 | H5: =LEFT(D5,FIND(".",D5,FIND(".",D5)+1)-1)&".255.254" -> 10.11.255.254 | I5: 10 | J5: 21 | K5: 5
A6: INET | B6: 20 | C6: 0 | D6: =10&"."&(B6+A2)&"."&0&"."&0 -> 10.21.0.0 | E6: =LEFT(D6,LEN(D6)-1)&"1" -> 10.21.0.1 | F6: 255.255.0.0 | G6: =LEFT(D6,LEN(D6)-1)&"1" -> 10.21.0.1 | H6: =LEFT(D6,FIND(".",D6,FIND(".",D6)+1)-1)&".255.254" -> 10.21.255.254 | I6: 10 | J6: 11 | K6: 2
A7: UNET | B7: 30 | C7: 0 | D7: =10&"."&(B7+A2)&"."&0&"."&0 -> 10.31.0.0 | E7: =LEFT(D7,LEN(D7)-1)&"1" -> 10.31.0.1 | F7: 255.255.0.0 | G7: =LEFT(D7,LEN(D7)-1)&"1" -> 10.31.0.1 | H7: =LEFT(D7,FIND(".",D7,FIND(".",D7)+1)-1)&".255.254" -> 10.31.255.254 | I7: 10 | J7: 42 | K7: 7
A8: PA | B8: 40 | C8: 0 | D8: =10&"."&(B8+A2)&"."&0&"."&0 -> 10.41.0.0 | E8: =LEFT(D8,LEN(D8)-1)&"1" -> 10.41.0.1 | F8: 255.255.0.0 | G8: =LEFT(D8,LEN(D8)-1)&"1" -> 10.41.0.1 | H8: =LEFT(D8,FIND(".",D8,FIND(".",D8)+1)-1)&".255.254" -> 10.41.255.254 | I8: 10 | J8: 41 | K8: 10
A10: vrf | B10: rt | C10: loopback | D10: laddr
A11: MGMT | B11: 1337:10 | C11: 10 | D11: =$A$2&"."&$A$2&"."&$A$2&"."&(C11) -> 1.1.1.10
A12: INET | B12: 1337:20 | C12: 20 | D12: =$A$2&"."&$A$2&"."&$A$2&"."&(C12) -> 1.1.1.20
A13: UNET | B13: 1337:30 | C13: 30 | D13: =$A$2&"."&$A$2&"."&$A$2&"."&(C13) -> 1.1.1.30
A14: PA | B14: 1337:40 | C14: 40 | D14: =$A$2&"."&$A$2&"."&$A$2&"."&(C14) -> 1.1.1.40
A16: tunnel id | B16: vrf | C16: ip address | D16: mask | E16: source | F16: destination | G16: gre mode | H16: network-id | I16: ipsec | J16: ipsec key
A17: tunnel 10 | B17: MGMT | C17: =172&"."&16&"."&0&"."&(H17+$A$2) -> 172.16.0.11 | D17: 255.255.255.0 | G17: multipoint | H17: 10
A18: tunnel 30 | B18: UNET | C18: =172&"."&16&"."&0&"."&(H18+$A$2) -> 172.16.0.31 | D18: 255.255.255.0 | G18: multipoint | H18: 30 | I18: TRUE
A19: tunnel 40 | B19: PA | C19: =172&"."&16&"."&0&"."&(H19+$A$2) -> 172.16.0.41 | D19: 255.255.255.0 | G19: multipoint | H19: 40 | I19: TRUE
A21: site | B21: brukernavn | C21: passord | D21: vty_lines | E21: secret | F21: etherchan_num | G21: span_mode | H21: erspan_destination
A22: =A2 -> 1 | B22: admin | C22: $9$0nNdTjfcaOQFlP$4VgON16XmZXlfGr4BcOzEN7OoRxfPIAcXDQ0afwx67k | D22: 0 - 15 | E22: $9$0nNdTjfcaOQFlP$4VgON16XmZXlfGr4BcOzEN7OoRxfPIAcXDQ0afwx67k | F22: 2 | G22: SPAN
A24: SW | B24: MGMT Vlan | C24: MGMT ip | D24: gateway | E24: mask | F24: num_ports_tot | G24: skiped_ports | H24: num_downlink | I24: vlan-antall | J24: intf_prefix | K24: num_port_ledig | L24: MONITORING ip
A25: =(ROW())-(ROW()-1) -> 1 | B25: 10 | C25: =LEFT($G$5,LEN($G$5)-1)&(RIGHT($G$5,1)+A25) -> 10.11.0.2 | D25: =$E$5 -> 10.11.0.1 | E25: =$F$5 -> 255.255.0.0 | F25: 24 | G25: 1 | H25: 3 | I25: 10.1-200.1-20.5-30.5-40.2 | J25: g0/ | K25: =IF($A25=1,F25-G25-H25*$F$22-2-IF(OR(UPPER($G$22)="SPAN", UPPER($G$22)="ERSPAN",UPPER($G$22)="RSPAN"),1,0),F25-G25-(1+H25)*$F$22-1) -> 14
A26: 2 | B26: 10 | C26: =LEFT($G$5,LEN($G$5)-1)&(RIGHT($G$5,1)+A26) -> 10.11.0.3 | D26: =$E$5 -> 10.11.0.1 | E26: =$F$5 -> 255.255.0.0 | F26: 24 | G26: 1 | H26: 0 | I26: 10.1-200.1-20.5-30.5-40.2 | J26: g0/ | K26: =IF($A26=1,F26-G26-H26*$F$22-2-IF(OR(UPPER($G$22)="SPAN", UPPER($G$22)="ERSPAN",UPPER($G$22)="RSPAN"),1,0),F26-G26-(1+H26)*$F$22-1) -> 20

Sheet Site 2
A1: site | B1: intf_prefix | C1: router-id | D1: brukernavn | E1: passord | F1: vty_lines | G1: secret | H1: tacacs_key | I1: dns_servers
A2: 2 | B2: g0/ | C2: =A2&"."&A2&"."&A2&".0" -> 2.2.2.0 | D2: admin | E2: $9$0nNdTjfcaOQFlP$4VgON16XmZXlfGr4BcOzEN7OoRxfPIAcXDQ0afwx67k | F2: 0 - 15 | G2: $9$0nNdTjfcaOQFlP$4VgON16XmZXlfGr4BcOzEN7OoRxfPIAcXDQ0afwx67k | H2: ='Site 1 (HUB)'!H2 -> TACACS-KEY | I2: 192.168.255.1
A4: vrf | B4: vlan | C4: interface | D4: nett id | E4: gateway | F4: mask | G4: address min | H4: address max | I4: antall-res | J4: pri-afxx | K4: pri-1-10
A5: MGMT | B5: 10 | C5: 0 | D5: =10&"."&(B5+A2)&"."&0&"."&0 -> 10.12.0.0 | E5: =LEFT(D5,LEN(D5)-1)&"1" -> 10.12.0.1 | F5: 255.255.0.0 | G5: =LEFT(D5,LEN(D5)-1)&"1" -> 10.12.0.1 | H5: =LEFT(D5,FIND(".",D5,FIND(".",D5)+1)-1)&".255.254" -> 10.12.255.254 | I5: 10 | J5: 21 | K5: 5
A6: INET | B6: 20 | C6: 0 | D6: =10&"."&(B6+A2)&"."&0&"."&0 -> 10.22.0.0 | E6: =LEFT(D6,LEN(D6)-1)&"1" -> 10.22.0.1 | F6: 255.255.0.0 | G6: =LEFT(D6,LEN(D6)-1)&"1" -> 10.22.0.1 | H6: =LEFT(D6,FIND(".",D6,FIND(".",D6)+1)-1)&".255.254" -> 10.22.255.254 | I6: 10 | J6: 11 | K6: 2
A7: UNET | B7: 30 | C7: 0 | D7: =10&"."&(B7+A2)&"."&0&"."&0 -> 10.32.0.0 | E7: =LEFT(D7,LEN(D7)-1)&"1" -> 10.32.0.1 | F7: 255.255.0.0 | G7: =LEFT(D7,LEN(D7)-1)&"1" -> 10.32.0.1 | H7: =LEFT(D7,FIND(".",D7,FIND(".",D7)+1)-1)&".255.254" -> 10.32.255.254 | I7: 10 | J7: 42 | K7: 7
A8: PA | B8: 40 | C8: 0 | D8: =10&"."&(B8+A2)&"."&0&"."&0 -> 10.42.0.0 | E8: =LEFT(D8,LEN(D8)-1)&"1" -> 10.42.0.1 | F8: 255.255.0.0 | G8: =LEFT(D8,LEN(D8)-1)&"1" -> 10.42.0.1 | H8: =LEFT(D8,FIND(".",D8,FIND(".",D8)+1)-1)&".255.254" -> 10.42.255.254 | I8: 10 | J8: 41 | K8: 10
A10: vrf | B10: rt | C10: loopback | D10: laddr
A11: MGMT | B11: 1337:10 | C11: 10 | D11: =A2&"."&A2&"."&A2&"."&(C11) -> 2.2.2.10
A12: INET | B12: 1337:20 | C12: 20 | D12: =A2&"."&A2&"."&A2&"."&(C12) -> 2.2.2.20
A13: UNET | B13: 1337:30 | C13: 30 | D13: =A2&"."&A2&"."&A2&"."&(C13) -> 2.2.2.30
A14: PA | B14: 1337:40 | C14: 40 | D14: =$A$2&"."&$A$2&"."&$A$2&"."&(C14) -> 2.2.2.40
A16: tunnel id | B16: vrf | C16: ip address | D16: mask | E16: source | F16: destination | G16: gre mode | H16: network-id | I16: ipsec | J16: ipsec key
A17: tunnel 10 | B17: MGMT | C17: =172&"."&16&"."&0&"."&(H17+$A$2) -> 172.16.0.12 | D17: 255.255.255.0 | G17: multipoint | H17: 10 | I17: {='Site 1 (HUB)'!I17} -> 0
A18: tunnel 30 | B18: UNET | C18: =172&"."&16&"."&0&"."&(H18+$A$2) -> 172.16.0.32 | D18: 255.255.255.0 | G18: multipoint | H18: 30 | I18: {='Site 1 (HUB)'!I18} -> TRUE
A19: tunnel 40 | B19: PA | C19: =172&"."&16&"."&0&"."&(H19+$A$2) -> 172.16.0.42 | D19: 255.255.255.0 | G19: multipoint | H19: 40 | I19: ='Site 1 (HUB)'!I19 -> TRUE
A21: site | B21: brukernavn | C21: passord | D21: vty_lines | E21: secret | F21: etherchan_num | G21: span_mode | H21: erspan_destination
A22: =A2 -> 2 | B22: admin | C22: $9$0nNdTjfcaOQFlP$4VgON16XmZXlfGr4BcOzEN7OoRxfPIAcXDQ0afwx67k | D22: 0 - 15 | E22: $9$0nNdTjfcaOQFlP$4VgON16XmZXlfGr4BcOzEN7OoRxfPIAcXDQ0afwx67k | F22: 2 | G22: SPAN
A24: SW | B24: MGMT Vlan | C24: MGMT ip | D24: gateway | E24: mask | F24: num_ports_tot | G24: skiped_ports | H24: num_downlink | I24: vlan-antall | J24: intf_prefix | K24: num_port_ledig | L24: MONITORING ip
A25: =(ROW())-(ROW()-1) -> 1 | B25: 10 | C25: =LEFT($G$5,LEN($G$5)-1)&(RIGHT($G$5,1)+A25) -> 10.12.0.2 | D25: =$E$5 -> 10.12.0.1 | E25: =$F$5 -> 255.255.0.0 | F25: 24 | G25: 1 | H25: 0 | I25: 10.1-200.1-20.5-30.5-40.2 | J25: g0/ | K25: =IF($A25=1,F25-G25-H25*$F$22-2-IF(OR(UPPER($G$22)="SPAN",UPPER($G$22)="RSPAN"),1,0),F25-G25-(1+H25)*$F$22-1) -> 20

Sheet Site 3
A1: site | B1: intf_prefix | C1: router-id | D1: brukernavn | E1: passord | F1: vty_lines | G1: secret | H1: tacacs_key | I1: dns_servers
A2: 3 | B2: g0/ | C2: =A2&"."&A2&"."&A2&".0" -> 3.3.3.0 | D2: admin | E2: $9$0nNdTjfcaOQFlP$4VgON16XmZXlfGr4BcOzEN7OoRxfPIAcXDQ0afwx67k | F2: 0 - 15 | G2: $9$0nNdTjfcaOQFlP$4VgON16XmZXlfGr4BcOzEN7OoRxfPIAcXDQ0afwx67k | H2: ='Site 1 (HUB)'!H2 -> TACACS-KEY | I2: 192.168.255.1
A4: vrf | B4: vlan | C4: interface | D4: nett id | E4: gateway | F4: mask | G4: address min | H4: address max | I4: antall-res | J4: pri-afxx | K4: pri-1-10
A5: MGMT | B5: 10 | C5: 0 | D5: =10&"."&(B5+A2)&"."&0&"."&0 -> 10.13.0.0 | E5: =LEFT(D5,LEN(D5)-1)&"1" -> 10.13.0.1 | F5: 255.255.0.0 | G5: =LEFT(D5,LEN(D5)-1)&"1" -> 10.13.0.1 | H5: =LEFT(D5,FIND(".",D5,FIND(".",D5)+1)-1)&".255.254" -> 10.13.255.254 | I5: 10 | J5: 21 | K5: 5
A6: INET | B6: 20 | C6: 0 | D6: =10&"."&(B6+A2)&"."&0&"."&0 -> 10.23.0.0 | E6: =LEFT(D6,LEN(D6)-1)&"1" -> 10.23.0.1 | F6: 255.255.0.0 | G6: =LEFT(D6,LEN(D6)-1)&"1" -> 10.23.0.1 | H6: =LEFT(D6,FIND(".",D6,FIND(".",D6)+1)-1)&".255.254" -> 10.23.255.254 | I6: 10 | J6: 11 | K6: 2
A7: UNET | B7: 30 | C7: 0 | D7: =10&"."&(B7+A2)&"."&0&"."&0 -> 10.33.0.0 | E7: =LEFT(D7,LEN(D7)-1)&"1" -> 10.33.0.1 | F7: 255.255.0.0 | G7: =LEFT(D7,LEN(D7)-1)&"1" -> 10.33.0.1 | H7: =LEFT(D7,FIND(".",D7,FIND(".",D7)+1)-1)&".255.254" -> 10.33.255.254 | I7: 10 | J7: 42 | K7: 7
A8: PA | B8: 40 | C8: 0 | D8: =10&"."&(B8+A2)&"."&0&"."&0 -> 10.43.0.0 | E8: =LEFT(D8,LEN(D8)-1)&"1" -> 10.43.0.1 | F8: 255.255.0.0 | G8: =LEFT(D8,LEN(D8)-1)&"1" -> 10.43.0.1 | H8: =LEFT(D8,FIND(".",D8,FIND(".",D8)+1)-1)&".255.254" -> 10.43.255.254 | I8: 10 | J8: 41 | K8: 10
A10: vrf | B10: rt | C10: loopback | D10: laddr
A11: MGMT | B11: 1337:10 | C11: 10 | D11: =A2&"."&A2&"."&A2&"."&(C11) -> 3.3.3.10
A12: INET | B12: 1337:20 | C12: 20 | D12: =A2&"."&A2&"."&A2&"."&(C12) -> 3.3.3.20
A13: UNET | B13: 1337:30 | C13: 30 | D13: =A2&"."&A2&"."&A2&"."&(C13) -> 3.3.3.30
A14: PA | B14: 1337:40 | C14: 40 | D14: =$A$2&"."&$A$2&"."&$A$2&"."&(C14) -> 3.3.3.40
A16: tunnel id | B16: vrf | C16: ip address | D16: mask | E16: source | F16: destination | G16: gre mode | H16: network-id | I16: ipsec | J16: ipsec key
A17: tunnel 10 | B17: MGMT | C17: =172&"."&16&"."&0&"."&(H17+$A$2) -> 172.16.0.13 | D17: 255.255.255.0 | G17: multipoint | H17: 10 | I17: {='Site 1 (HUB)'!I17} -> 0
A18: tunnel 30 | B18: UNET | C18: =172&"."&16&"."&0&"."&(H18+$A$2) -> 172.16.0.33 | D18: 255.255.255.0 | G18: multipoint | H18: 30 | I18: {='Site 1 (HUB)'!I18} -> TRUE
A19: tunnel 40 | B19: PA | C19: =172&"."&16&"."&0&"."&(H19+$A$2) -> 172.16.0.43 | D19: 255.255.255.0 | G19: multipoint | H19: 40 | I19: ='Site 1 (HUB)'!I19 -> TRUE
A21: site | B21: brukernavn | C21: passord | D21: vty_lines | E21: secret | F21: etherchan_num | G21: span_mode | H21: erspan_destination
A22: =A2 -> 3 | B22: admin | C22: $9$0nNdTjfcaOQFlP$4VgON16XmZXlfGr4BcOzEN7OoRxfPIAcXDQ0afwx67k | D22: 0 - 15 | E22: $9$0nNdTjfcaOQFlP$4VgON16XmZXlfGr4BcOzEN7OoRxfPIAcXDQ0afwx67k | F22: 2 | G22: SPAN
A24: SW | B24: MGMT Vlan | C24: MGMT ip | D24: gateway | E24: mask | F24: num_ports_tot | G24: skiped_ports | H24: num_downlink | I24: vlan-antall | J24: intf_prefix | K24: num_port_ledig | L24: MONITORING ip
A25: =(ROW())-(ROW()-1) -> 1 | B25: 10 | C25: =LEFT($G$5,LEN($G$5)-1)&(RIGHT($G$5,1)+A25) -> 10.13.0.2 | D25: =$E$5 -> 10.13.0.1 | E25: =$F$5 -> 255.255.0.0 | F25: 24 | G25: 1 | H25: 0 | I25: 10.1-200.1-20.5-30.5-40.2 | J25: g0/ | K25: =IF($A25=1,F25-G25-H25*$F$22-2-IF(OR(UPPER($G$22)="SPAN",UPPER($G$22)="RSPAN"),1,0),F25-G25-(1+H25)*$F$22-1) -> 20
