Workbook

Sheet Site 1 (HUB)
A1: site | B1: intf_prefix | C1: router-id | D1: brukernavn | E1: passord | F1: vty_lines | G1: secret | H1: tacacs_key | I1: DHCP | J1: dns_servers | K1: tacacs_server_ip | L1: syslog_server_ip
A2: 1 | B2: g0/ | C2: =A2&"."&A2&"."&A2&".0" -> 1.1.1.0 | D2: admin | E2: $9$0nNdTjfcaOQFlP$4VgON16XmZXlfGr4BcOzEN7OoRxfPIAcXDQ0afwx67k | F2: 0 - 15 | G2: $9$0nNdTjfcaOQFlP$4VgON16XmZXlfGr4BcOzEN7OoRxfPIAcXDQ0afwx67k | H2: TACACS-KEY | I2: TRUE | J2: 192.168.255.1 | K2: 10.11.0.10 | L2: 10.11.0.10
A4: vrf | B4: vlan | C4: interface | D4: nett id | E4: gateway | F4: mask | G4: address min | H4: address max | I4: antall-res | J4: pri-afxx | K4: pri-1-10
A5: MGMT | B5: 10 | C5: 0 | D5: =10&"."&(B5+$A$2)&"."&0&"."&0 -> 10.11.0.0 | E5: =LEFT(D5,LEN(D5)-1)&"1" -> 10.11.0.1 | F5: 255.255.0.0 | G5: =LEFT(D5,LEN(D5)-1)&"1" -> 10.11.0.1 | H5: =LEFT(D5,FIND(".",D5,FIND(".",D5)+1)-1)&".255.254" -> 10.11.255.254 | I5: 40 | J5: 21 | K5: 5
A6: INET | B6: 20 | C6: 0 | D6: =10&"."&(B6+$A$2)&"."&0&"."&0 -> 10.21.0.0 | E6: =LEFT(D6,LEN(D6)-1)&"1" -> 10.21.0.1 | F6: 255.255.0.0 | G6: =LEFT(D6,LEN(D6)-1)&"1" -> 10.21.0.1 | H6: =LEFT(D6,FIND(".",D6,FIND(".",D6)+1)-1)&".255.254" -> 10.21.255.254 | I6: 40 | J6: 11 | K6: 2
A7: UNET | B7: 30 | C7: 0 | D7: =10&"."&(B7+$A$2)&"."&0&"."&0 -> 10.31.0.0 | E7: =LEFT(D7,LEN(D7)-1)&"1" -> 10.31.0.1 | F7: 255.255.0.0 | G7: =LEFT(D7,LEN(D7)-1)&"1" -> 10.31.0.1 | H7: =LEFT(D7,FIND(".",D7,FIND(".",D7)+1)-1)&".255.254" -> 10.31.255.254 | I7: 40 | J7: 42 | K7: 7
A8: PA | B8: 40 | C8: 0 | D8: =10&"."&(B8+$A$2)&"."&0&"."&0 -> 10.41.0.0 | E8: =LEFT(D8,LEN(D8)-1)&"1" -> 10.41.0.1 | F8: 255.255.0.0 | G8: =LEFT(D8,LEN(D8)-1)&"1" -> 10.41.0.1 | H8: =LEFT(D8,FIND(".",D8,FIND(".",D8)+1)-1)&".255.254" -> 10.41.255.254 | I8: 40 | J8: 41 | K8: 10
A9: MONITORING | B9: 50 | C9: 0 | D9: =10&"."&(B9+$A$2)&"."&0&"."&0 -> 10.51.0.0 | E9: =LEFT(D9,LEN(D9)-1)&"1" -> 10.51.0.1 | F9: 255.255.255.0 | G9: =LEFT(D9,LEN(D9)-1)&"1" -> 10.51.0.1 | H9: =LEFT(D9,FIND(".",D9,FIND(".",D9)+1)-1)&".0.254" -> 10.51.0.254 | I9: 40 | J9: 43 | K9: 10
A11: vrf | B11: loopback | C11: laddr
A12: MGMT | B12: 10 | C12: =$A$2&"."&$A$2&"."&$A$2&"."&(B12) -> 1.1.1.10
A13: INET | B13: 20 | C13: =$A$2&"."&$A$2&"."&$A$2&"."&(B13) -> 1.1.1.20
A14: UNET | B14: 30 | C14: =$A$2&"."&$A$2&"."&$A$2&"."&(B14) -> 1.1.1.30
A15: PA | B15: 40 | C15: =$A$2&"."&$A$2&"."&$A$2&"."&(B15) -> 1.1.1.40
A16: MONITORING | B16: 50 | C16: =$A$2&"."&$A$2&"."&$A$2&"."&(B16) -> 1.1.1.50
A18: tunnel id | B18: vrf | C18: ip address | D18: mask | E18: source | F18: destination | G18: gre mode | H18: network-id | I18: ipsec | J18: ipsec key
A19: tunnel 10 | B19: MGMT | C19: =172&"."&16&"."&0&"."&(H19+$A$2) -> 172.16.0.11 | D19: 255.255.255.0 | E19: =$C$2 -> 1.1.1.0 | G19: multipoint | H19: 10
A20: tunnel 20 | B20: INET | C20: =172&"."&16&"."&0&"."&(H20+$A$2) -> 172.16.0.21 | D20: 255.255.255.0 | E20: =$C$2 -> 1.1.1.0 | G20: multipoint | H20: 20
A21: tunnel 30 | B21: UNET | C21: =172&"."&16&"."&0&"."&(H21+$A$2) -> 172.16.0.31 | D21: 255.255.255.0 | E21: =$C$2 -> 1.1.1.0 | G21: multipoint | H21: 30 | I21: TRUE
A22: tunnel 40 | B22: PA | C22: =172&"."&16&"."&0&"."&(H22+$A$2) -> 172.16.0.41 | D22: 255.255.255.0 | E22: =$C$2 -> 1.1.1.0 | G22: multipoint | H22: 40 | I22: TRUE
A23: tunnel 50 | B23: MONITORING | C23: =172&"."&16&"."&0&"."&(H23+$A$2) -> 172.16.0.51 | D23: 255.255.255.0 | E23: =$C$2 -> 1.1.1.0 | G23: multipoint | H23: 50 | I23: TRUE
A25: site | B25: brukernavn | C25: passord | D25: vty_lines | E25: secret | F25: etherchan_num | G25: span_mode | H25: Column1
A26: =A2 -> 1 | B26: admin | C26: $9$0nNdTjfcaOQFlP$4VgON16XmZXlfGr4BcOzEN7OoRxfPIAcXDQ0afwx67k | D26: 0 - 15 | E26: $9$0nNdTjfcaOQFlP$4VgON16XmZXlfGr4BcOzEN7OoRxfPIAcXDQ0afwx67k | F26: 1 | G26: ERSPAN
A28: SW | B28: MGMT Vlan | C28: MGMT ip | D28: gateway | E28: mask | F28: num_ports_tot | G28: skiped_ports | H28: num_downlink | I28: vlan-antall | J28: intf_prefix | K28: num_port_ledig | L28: MONITORING ip
A29: =(ROW())-(ROW()-1) -> 1 | B29: 10 | C29: =LEFT($G$5,LEN($G$5)-1)&(RIGHT($G$5,1)+A29) -> 10.11.0.2 | D29: =$E$5 -> 10.11.0.1 | E29: =$F$5 -> 255.255.0.0 | F29: 4 | G29: 0 | H29: 0 | I29: 20.0-40.0-30.0 | J29: g0/ | K29: =IF($A29=1,F29-G29-H29*$F$26-2-IF($K$2<>$L$2,1,0)-IF(OR(UPPER($G$26)="SPAN",UPPER($G$26)="ERSPAN",UPPER($G$26)="RSPAN"),1,0),F29-G29-(1+H29)*$F$26-1) -> 1 | L29: =LEFT($G$9,LEN($G$9)-1)&(RIGHT($G$9,1)+A29) -> 10.51.0.2

Sheet Site 2
A1: site | B1: intf_prefix | C1: router-id | D1: brukernavn | E1: passord | F1: vty_lines | G1: secret | H1: tacacs_key | I1: dns_servers | J1: tacacs_server_ip | K1: syslog_server_ip
A2: 2 | B2: g0/ | C2: =A2&"."&A2&"."&A2&".0" -> 2.2.2.0 | D2: admin | E2: $9$0nNdTjfcaOQFlP$4VgON16XmZXlfGr4BcOzEN7OoRxfPIAcXDQ0afwx67k | F2: 0 - 15 | G2: $9$0nNdTjfcaOQFlP$4VgON16XmZXlfGr4BcOzEN7OoRxfPIAcXDQ0afwx67k | H2: ='Site 1 (HUB)'!H2 -> TACACS-KEY | I2: 192.168.255.1 | J2: ='Site 1 (HUB)'!K2 -> 10.11.0.10 | K2: ='Site 1 (HUB)'!L2 -> 10.11.0.10
A4: vrf | B4: vlan | C4: interface | D4: nett id | E4: gateway | F4: mask | G4: address min | H4: address max | I4: antall-res | J4: pri-afxx | K4: pri-1-10
A5: MGMT | B5: 10 | C5: 0 | D5: =10&"."&(B5+$A$2)&"."&0&"."&0 -> 10.12.0.0 | E5: =LEFT(D5,LEN(D5)-1)&"1" -> 10.12.0.1 | F5: 255.255.0.0 | G5: =LEFT(D5,LEN(D5)-1)&"1" -> 10.12.0.1 | H5: =LEFT(D5,FIND(".",D5,FIND(".",D5)+1)-1)&".255.254" -> 10.12.255.254 | I5: 40 | J5: 21 | K5: 5
A6: INET | B6: 20 | C6: 0 | D6: =10&"."&(B6+$A$2)&"."&0&"."&0 -> 10.22.0.0 | E6: =LEFT(D6,LEN(D6)-1)&"1" -> 10.22.0.1 | F6: 255.255.0.0 | G6: =LEFT(D6,LEN(D6)-1)&"1" -> 10.22.0.1 | H6: =LEFT(D6,FIND(".",D6,FIND(".",D6)+1)-1)&".255.254" -> 10.22.255.254 | I6: 40 | J6: 11 | K6: 2
A7: UNET | B7: 30 | C7: 0 | D7: =10&"."&(B7+$A$2)&"."&0&"."&0 -> 10.32.0.0 | E7: =LEFT(D7,LEN(D7)-1)&"1" -> 10.32.0.1 | F7: 255.255.0.0 | G7: =LEFT(D7,LEN(D7)-1)&"1" -> 10.32.0.1 | H7: =LEFT(D7,FIND(".",D7,FIND(".",D7)+1)-1)&".255.254" -> 10.32.255.254 | I7: 40 | J7: 42 | K7: 7
A8: PA | B8: 40 | C8: 0 | D8: =10&"."&(B8+$A$2)&"."&0&"."&0 -> 10.42.0.0 | E8: =LEFT(D8,LEN(D8)-1)&"1" -> 10.42.0.1 | F8: 255.255.0.0 | G8: =LEFT(D8,LEN(D8)-1)&"1" -> 10.42.0.1 | H8: =LEFT(D8,FIND(".",D8,FIND(".",D8)+1)-1)&".255.254" -> 10.42.255.254 | I8: 40 | J8: 41 | K8: 10
A9: MONITORING | B9: 50 | C9: 0 | D9: =10&"."&(B9+$A$2)&"."&0&"."&0 -> 10.52.0.0 | E9: =LEFT(D9,LEN(D9)-1)&"1" -> 10.52.0.1 | F9: 255.255.255.0 | G9: =LEFT(D9,LEN(D9)-1)&"1" -> 10.52.0.1 | H9: =LEFT(D9,FIND(".",D9,FIND(".",D9)+1)-1)&".0.254" -> 10.52.0.254 | I9: 40 | J9: 43 | K9: 10
A11: vrf | B11: loopback | C11: laddr
A12: MGMT | B12: 10 | C12: =$A$2&"."&$A$2&"."&$A$2&"."&(B12) -> 2.2.2.10
A13: INET | B13: 20 | C13: =$A$2&"."&$A$2&"."&$A$2&"."&(B13) -> 2.2.2.20
A14: UNET | B14: 30 | C14: =$A$2&"."&$A$2&"."&$A$2&"."&(B14) -> 2.2.2.30
A15: PA | B15: 40 | C15: =$A$2&"."&$A$2&"."&$A$2&"."&(B15) -> 2.2.2.40
A16: MONITORING | B16: 50 | C16: =$A$2&"."&$A$2&"."&$A$2&"."&(B16) -> 2.2.2.50
A18: tunnel id | B18: vrf | C18: ip address | D18: mask | E18: source | F18: destination | G18: gre mode | H18: network-id | I18: ipsec | J18: ipsec key
A19: tunnel 10 | B19: MGMT | C19: =172&"."&16&"."&0&"."&(H19+$A$2) -> 172.16.0.12 | D19: 255.255.255.0 | E19: =$C$2 -> 2.2.2.0 | G19: multipoint | H19: 10 | I19: {='Site 1 (HUB)'!I19} -> 0
A20: tunnel 20 | B20: INET | C20: =172&"."&16&"."&0&"."&(H20+$A$2) -> 172.16.0.22 | D20: 255.255.255.0 | E20: =$C$2 -> 2.2.2.0 | G20: multipoint | H20: 20 | I20: {='Site 1 (HUB)'!I20} -> 0
A21: tunnel 30 | B21: UNET | C21: =172&"."&16&"."&0&"."&(H21+$A$2) -> 172.16.0.32 | D21: 255.255.255.0 | E21: =$C$2 -> 2.2.2.0 | G21: multipoint | H21: 30 | I21: ='Site 1 (HUB)'!I21 -> TRUE
A22: tunnel 40 | B22: PA | C22: =172&"."&16&"."&0&"."&(H22+$A$2) -> 172.16.0.42 | D22: 255.255.255.0 | E22: =$C$2 -> 2.2.2.0 | G22: multipoint | H22: 40 | I22: ='Site 1 (HUB)'!I22 -> TRUE
A23: tunnel 50 | B23: MONITORING | C23: =172&"."&16&"."&0&"."&(H23+$A$2) -> 172.16.0.52 | D23: 255.255.255.0 | E23: =$C$2 -> 2.2.2.0 | G23: multipoint | H23: 50 | I23: ='Site 1 (HUB)'!I23 -> TRUE
A25: site | B25: brukernavn | C25: passord | D25: vty_lines | E25: secret | F25: etherchan_num | G25: span_mode
A26: =A2 -> 2 | B26: admin | C26: $9$0nNdTjfcaOQFlP$4VgON16XmZXlfGr4BcOzEN7OoRxfPIAcXDQ0afwx67k | D26: 0 - 15 | E26: $9$0nNdTjfcaOQFlP$4VgON16XmZXlfGr4BcOzEN7OoRxfPIAcXDQ0afwx67k | F26: 2 | G26: ERSPAN
A28: SW | B28: MGMT Vlan | C28: MGMT ip | D28: gateway | E28: mask | F28: num_ports_tot | G28: skiped_ports | H28: num_downlink | I28: vlan-antall | J28: intf_prefix | K28: num_port_ledig | L28: MONITORING ip
A29: =(ROW())-(ROW()-1) -> 1 | B29: 10 | C29: =LEFT($G$5,LEN($G$5)-1)&(RIGHT($G$5,1)+A29) -> 10.12.0.2 | D29: =$E$5 -> 10.12.0.1 | E29: =$F$5 -> 255.255.0.0 | F29: 24 | G29: 0 | H29: 3 | J29: g0/ | K29: =IF($A29=1,F29-G29-H29*$F$26-2-IF(OR(UPPER($G$26)="SPAN",UPPER($G$26)="RSPAN"),1,0),F29-G29-(1+H29)*$F$26-1) -> 16 | L29: =LEFT($G$9,LEN($G$9)-1)&(RIGHT($G$9,1)+A29) -> 10.52.0.2
A30: 2 | B30: 10 | C30: =LEFT($G$5,LEN($G$5)-1)&(RIGHT($G$5,1)+A30) -> 10.12.0.3 | D30: =$E$5 -> 10.12.0.1 | E30: =$F$5 -> 255.255.0.0 | F30: 24 | G30: 0 | H30: 3 | I30: 30.1-20.10-40.4 | J30: g0/ | K30: =IF($A30=1,F30-G30-H30*$F$26-2-IF(OR(UPPER($G$26)="SPAN",UPPER($G$26)="RSPAN"),1,0),F30-G30-(1+H30)*$F$26-1) -> 15 | L30: =LEFT($G$9,LEN($G$9)-1)&(RIGHT($G$9,1)+A30) -> 10.52.0.3
