Workbook

Sheet Site 1 (HUB)
A1: site | B1: intf_prefix | C1: router-id | D1: brukernavn | E1: passord | F1: vty_lines | G1: secret | H1: ISP-VLAN | I1: tacacs_key | J1: DHCP | K1: dns_servers | L1: tacacs_server_ip | M1: syslog_server_ip | N1: urpf_mode | O1: radius_server_ip | P1: radius_key | Q1: dmvpn_phase | R1: tacacs_syntax | S1: radius_syntax | T1: dot1x_syntax | U1: eigrp_syntax | V1: vrf_syntax | W1: ike_version | X1: secret_type | Y1: trunk_encapsulation | Z1: snmpv3_enabled | AA1: snmp_server_ip | AB1: snmp_user | AC1: snmp_auth_password | AD1: snmp_priv_password
A2: 1 | B2: g0/ | C2: =A2&"."&A2&"."&A2&".0" -> 1.1.1.0 | D2: admin | E2: $9$0nNdTjfcaOQFlP$4VgON16XmZXlfGr4BcOzEN7OoRxfPIAcXDQ0afwx67k | F2: 0 - 15 | G2: $9$0nNdTjfcaOQFlP$4VgON16XmZXlfGr4BcOzEN7OoRxfPIAcXDQ0afwx67k | H2: 200 | I2: TACACS-KEY | J2: TRUE | K2: 8.8.8.8,1.1.1.1 | L2: 10.1.10.10 | M2: 10.1.10.10 | N2: OFF | O2: 10.1.10.10 | P2: RADIUS-KEY | Q2: 3 | R2: NEW | S2: NEW | T2: AUTH | U2: NAMED | V2: OLD | W2: IKEV2 | X2: AUTO | Y2: AUTO | Z2: TRUE | AA2: 10.1.10.10 | AB2: nmsuser | AC2: SNMP-AUTH-KEY | AD2: SNMP-PRIV-KEY
A4: vrf | B4: vlan | C4: interface | D4: nett id | E4: gateway | F4: mask | G4: address min | H4: address max | I4: antall-res | J4: pri-afxx | K4: pri-1-10
A5: MGMT | B5: 10 | C5: 0 | D5: =10&"."&$A$2&"."&B5&".0" -> 10.1.10.0 | E5: =10&"."&$A$2&"."&B5&".1" -> 10.1.10.1 | F5: 255.255.255.0 | G5: =VALUE(LEFT(D5,FIND(".",D5)-1))&"."&VALUE(MID(D5,FIND(".",D5)+1,FIND(".",D5,FIND(".",D5)+1)-FIND(".",D5)-1))&"."&VALUE(MID(D5,FIND(".",D5,FIND(".",D5)+1)+1,FIND(".",D5,FIND(".",D5,FIND(".",D5)+1)+1)-FIND(".",D5,FIND(".",D5)+1)-1))&"."&(VALUE(RIGHT(D5,LEN(D5)-FIND(".",D5,FIND(".",D5,FIND(".",D5)+1)+1)))+1) -> 10.1.10.1 | H5: =(VALUE(LEFT(D5,FIND(".",D5)-1))+255-VALUE(LEFT(F5,FIND(".",F5)-1)))&"."&(VALUE(MID(D5,FIND(".",D5)+1,FIND(".",D5,FIND(".",D5)+1)-FIND(".",D5)-1))+255-VALUE(MID(F5,FIND(".",F5)+1,FIND(".",F5,FIND(".",F5)+1)-FIND(".",F5)-1)))&"."&(VALUE(MID(D5,FIND(".",D5,FIND(".",D5)+1)+1,FIND(".",D5,FIND(".",D5,FIND(".",D5)+1)+1)-FIND(".",D5,FIND(".",D5)+1)-1))+255-VALUE(MID(F5,FIND(".",F5,FIND(".",F5)+1)+1,FIND(".",F5,FIND(".",F5,FIND(".",F5)+1)+1)-FIND(".",F5,FIND(".",F5)+1)-1)))&"."&(VALUE(RIGHT(D5,LEN(D5)-FIND(".",D5,FIND(".",D5,FIND(".",D5)+1)+1)))+255-VALUE(RIGHT(F5,LEN(F5)-FIND(".",F5,FIND(".",F5,FIND(".",F5)+1)+1)))-1) -> 10.1.10.254 | I5: 40 | J5: 21 | K5: 5
A6: INET | B6: 20 | C6: 0 | D6: =10&"."&$A$2&"."&B6&".0" -> 10.1.20.0 | E6: =10&"."&$A$2&"."&B6&".1" -> 10.1.20.1 | F6: 255.255.255.0 | G6: =VALUE(LEFT(D6,FIND(".",D6)-1))&"."&VALUE(MID(D6,FIND(".",D6)+1,FIND(".",D6,FIND(".",D6)+1)-FIND(".",D6)-1))&"."&VALUE(MID(D6,FIND(".",D6,FIND(".",D6)+1)+1,FIND(".",D6,FIND(".",D6,FIND(".",D6)+1)+1)-FIND(".",D6,FIND(".",D6)+1)-1))&"."&(VALUE(RIGHT(D6,LEN(D6)-FIND(".",D6,FIND(".",D6,FIND(".",D6)+1)+1)))+1) -> 10.1.20.1 | H6: =(VALUE(LEFT(D6,FIND(".",D6)-1))+255-VALUE(LEFT(F6,FIND(".",F6)-1)))&"."&(VALUE(MID(D6,FIND(".",D6)+1,FIND(".",D6,FIND(".",D6)+1)-FIND(".",D6)-1))+255-VALUE(MID(F6,FIND(".",F6)+1,FIND(".",F6,FIND(".",F6)+1)-FIND(".",F6)-1)))&"."&(VALUE(MID(D6,FIND(".",D6,FIND(".",D6)+1)+1,FIND(".",D6,FIND(".",D6,FIND(".",D6)+1)+1)-FIND(".",D6,FIND(".",D6)+1)-1))+255-VALUE(MID(F6,FIND(".",F6,FIND(".",F6)+1)+1,FIND(".",F6,FIND(".",F6,FIND(".",F6)+1)+1)-FIND(".",F6,FIND(".",F6)+1)-1)))&"."&(VALUE(RIGHT(D6,LEN(D6)-FIND(".",D6,FIND(".",D6,FIND(".",D6)+1)+1)))+255-VALUE(RIGHT(F6,LEN(F6)-FIND(".",F6,FIND(".",F6,FIND(".",F6)+1)+1)))-1) -> 10.1.20.254 | I6: 40 | J6: 11 | K6: 2
A7: UNET | B7: 30 | C7: 0 | D7: =10&"."&$A$2&"."&B7&".0" -> 10.1.30.0 | E7: =10&"."&$A$2&"."&B7&".1" -> 10.1.30.1 | F7: 255.255.255.0 | G7: =VALUE(LEFT(D7,FIND(".",D7)-1))&"."&VALUE(MID(D7,FIND(".",D7)+1,FIND(".",D7,FIND(".",D7)+1)-FIND(".",D7)-1))&"."&VALUE(MID(D7,FIND(".",D7,FIND(".",D7)+1)+1,FIND(".",D7,FIND(".",D7,FIND(".",D7)+1)+1)-FIND(".",D7,FIND(".",D7)+1)-1))&"."&(VALUE(RIGHT(D7,LEN(D7)-FIND(".",D7,FIND(".",D7,FIND(".",D7)+1)+1)))+1) -> 10.1.30.1 | H7: =(VALUE(LEFT(D7,FIND(".",D7)-1))+255-VALUE(LEFT(F7,FIND(".",F7)-1)))&"."&(VALUE(MID(D7,FIND(".",D7)+1,FIND(".",D7,FIND(".",D7)+1)-FIND(".",D7)-1))+255-VALUE(MID(F7,FIND(".",F7)+1,FIND(".",F7,FIND(".",F7)+1)-FIND(".",F7)-1)))&"."&(VALUE(MID(D7,FIND(".",D7,FIND(".",D7)+1)+1,FIND(".",D7,FIND(".",D7,FIND(".",D7)+1)+1)-FIND(".",D7,FIND(".",D7)+1)-1))+255-VALUE(MID(F7,FIND(".",F7,FIND(".",F7)+1)+1,FIND(".",F7,FIND(".",F7,FIND(".",F7)+1)+1)-FIND(".",F7,FIND(".",F7)+1)-1)))&"."&(VALUE(RIGHT(D7,LEN(D7)-FIND(".",D7,FIND(".",D7,FIND(".",D7)+1)+1)))+255-VALUE(RIGHT(F7,LEN(F7)-FIND(".",F7,FIND(".",F7,FIND(".",F7)+1)+1)))-1) -> 10.1.30.254 | I7: 40 | J7: 42 | K7: 7
A8: PA | B8: 40 | C8: 0 | D8: =10&"."&$A$2&"."&B8&".0" -> 10.1.40.0 | E8: =10&"."&$A$2&"."&B8&".1" -> 10.1.40.1 | F8: 255.255.255.0 | G8: =VALUE(LEFT(D8,FIND(".",D8)-1))&"."&VALUE(MID(D8,FIND(".",D8)+1,FIND(".",D8,FIND(".",D8)+1)-FIND(".",D8)-1))&"."&VALUE(MID(D8,FIND(".",D8,FIND(".",D8)+1)+1,FIND(".",D8,FIND(".",D8,FIND(".",D8)+1)+1)-FIND(".",D8,FIND(".",D8)+1)-1))&"."&(VALUE(RIGHT(D8,LEN(D8)-FIND(".",D8,FIND(".",D8,FIND(".",D8)+1)+1)))+1) -> 10.1.40.1 | H8: =(VALUE(LEFT(D8,FIND(".",D8)-1))+255-VALUE(LEFT(F8,FIND(".",F8)-1)))&"."&(VALUE(MID(D8,FIND(".",D8)+1,FIND(".",D8,FIND(".",D8)+1)-FIND(".",D8)-1))+255-VALUE(MID(F8,FIND(".",F8)+1,FIND(".",F8,FIND(".",F8)+1)-FIND(".",F8)-1)))&"."&(VALUE(MID(D8,FIND(".",D8,FIND(".",D8)+1)+1,FIND(".",D8,FIND(".",D8,FIND(".",D8)+1)+1)-FIND(".",D8,FIND(".",D8)+1)-1))+255-VALUE(MID(F8,FIND(".",F8,FIND(".",F8)+1)+1,FIND(".",F8,FIND(".",F8,FIND(".",F8)+1)+1)-FIND(".",F8,FIND(".",F8)+1)-1)))&"."&(VALUE(RIGHT(D8,LEN(D8)-FIND(".",D8,FIND(".",D8,FIND(".",D8)+1)+1)))+255-VALUE(RIGHT(F8,LEN(F8)-FIND(".",F8,FIND(".",F8,FIND(".",F8)+1)+1)))-1) -> 10.1.40.254 | I8: 40 | J8: 41 | K8: 10
A9: MONITORING | B9: 50 | C9: 0 | D9: =10&"."&$A$2&"."&B9&".0" -> 10.1.50.0 | E9: =10&"."&$A$2&"."&B9&".1" -> 10.1.50.1 | F9: 255.255.255.0 | G9: =VALUE(LEFT(D9,FIND(".",D9)-1))&"."&VALUE(MID(D9,FIND(".",D9)+1,FIND(".",D9,FIND(".",D9)+1)-FIND(".",D9)-1))&"."&VALUE(MID(D9,FIND(".",D9,FIND(".",D9)+1)+1,FIND(".",D9,FIND(".",D9,FIND(".",D9)+1)+1)-FIND(".",D9,FIND(".",D9)+1)-1))&"."&(VALUE(RIGHT(D9,LEN(D9)-FIND(".",D9,FIND(".",D9,FIND(".",D9)+1)+1)))+1) -> 10.1.50.1 | H9: =(VALUE(LEFT(D9,FIND(".",D9)-1))+255-VALUE(LEFT(F9,FIND(".",F9)-1)))&"."&(VALUE(MID(D9,FIND(".",D9)+1,FIND(".",D9,FIND(".",D9)+1)-FIND(".",D9)-1))+255-VALUE(MID(F9,FIND(".",F9)+1,FIND(".",F9,FIND(".",F9)+1)-FIND(".",F9)-1)))&"."&(VALUE(MID(D9,FIND(".",D9,FIND(".",D9)+1)+1,FIND(".",D9,FIND(".",D9,FIND(".",D9)+1)+1)-FIND(".",D9,FIND(".",D9)+1)-1))+255-VALUE(MID(F9,FIND(".",F9,FIND(".",F9)+1)+1,FIND(".",F9,FIND(".",F9,FIND(".",F9)+1)+1)-FIND(".",F9,FIND(".",F9)+1)-1)))&"."&(VALUE(RIGHT(D9,LEN(D9)-FIND(".",D9,FIND(".",D9,FIND(".",D9)+1)+1)))+255-VALUE(RIGHT(F9,LEN(F9)-FIND(".",F9,FIND(".",F9,FIND(".",F9)+1)+1)))-1) -> 10.1.50.254 | I9: 40 | J9: 41 | K9: 10
A11: vrf | B11: loopback | C11: laddr
A12: MGMT | B12: 10 | C12: =$A$2&"."&$A$2&"."&$A$2&"."&B12 -> 1.1.1.10
A13: INET | B13: 20 | C13: =$A$2&"."&$A$2&"."&$A$2&"."&B13 -> 1.1.1.20
A14: UNET | B14: 30 | C14: =$A$2&"."&$A$2&"."&$A$2&"."&B14 -> 1.1.1.30
A15: PA | B15: 40 | C15: =$A$2&"."&$A$2&"."&$A$2&"."&B15 -> 1.1.1.40
A16: MONITORING | B16: 50 | C16: =$A$2&"."&$A$2&"."&$A$2&"."&B16 -> 1.1.1.50
A18: tunnel id | B18: vrf | C18: ip address | D18: mask | E18: source | F18: destination | G18: gre mode | H18: network-id | I18: ipsec | J18: ipsec key
A19: tunnel 10 | B19: MGMT | C19: =172&"."&16&"."&H19&"."&$A$2 -> 172.16.10.1 | D19: 255.255.255.0 | E19: =$C$2 -> 1.1.1.0 | G19: multipoint | H19: 10 | I19: TRUE
A20: tunnel 20 | B20: INET | C20: =172&"."&16&"."&H20&"."&$A$2 -> 172.16.20.1 | D20: 255.255.255.0 | E20: =$C$2 -> 1.1.1.0 | G20: multipoint | H20: 20 | I20: FALSE
A21: tunnel 30 | B21: UNET | C21: =172&"."&16&"."&H21&"."&$A$2 -> 172.16.30.1 | D21: 255.255.255.0 | E21: =$C$2 -> 1.1.1.0 | G21: multipoint | H21: 30 | I21: TRUE
A22: tunnel 40 | B22: PA | C22: =172&"."&16&"."&H22&"."&$A$2 -> 172.16.40.1 | D22: 255.255.255.0 | E22: =$C$2 -> 1.1.1.0 | G22: multipoint | H22: 40 | I22: TRUE
A23: tunnel 50 | B23: MONITORING | C23: =172&"."&16&"."&H23&"."&$A$2 -> 172.16.50.1 | D23: 255.255.255.0 | E23: =$C$2 -> 1.1.1.0 | G23: multipoint | H23: 50 | I23: TRUE
A25: site | B25: brukernavn | C25: passord | D25: vty_lines | E25: secret | F25: etherchan_num | G25: span_mode | H25: dot1x_vlans | I25: ISP-VLAN
A26: =$A$2 -> 1 | B26: =$D$2 -> admin | C26: =$E$2 -> $9$0nNdTjfcaOQFlP$4VgON16XmZXlfGr4BcOzEN7OoRxfPIAcXDQ0afwx67k | D26: =$F$2 -> 0 - 15 | E26: =$G$2 -> $9$0nNdTjfcaOQFlP$4VgON16XmZXlfGr4BcOzEN7OoRxfPIAcXDQ0afwx67k | F26: 2 | G26: SPAN | H26: 20,30,40 | I26: {=Tabell5[ISP-VLAN]} -> 200
A28: SW | B28: MGMT Vlan | C28: MGMT ip | D28: gateway | E28: mask | F28: num_ports_tot | G28: skiped_ports | H28: num_downlink | I28: vlan-antall | J28: intf_prefix | K28: num_port_ledig | L28: MONITORING ip | M28: tacacs_syntax | N28: radius_syntax | O28: dot1x_syntax | P28: secret_type | Q28: trunk_encapsulation
A29: =ROW()-28 -> 1 | B29: =$B$5 -> 10 | C29: =10&"."&$A$2&"."&$B$5&"."&(A29+1) -> 10.1.10.2 | D29: =$E$5 -> 10.1.10.1 | E29: =$F$5 -> 255.255.255.0 | F29: 25 | G29: 1 | H29: 0 | I29: 200.1-20.5-30.5-40.5 | J29: g0/ | K29: =IF($A29=1,F29-G29-H29*$F$26-2-IF($L$2<>$M$2,1,0)-IF(OR(UPPER($G$26)="SPAN",UPPER($G$26)="ERSPAN",UPPER($G$26)="RSPAN"),1,0),F29-G29-(1+H29)*$F$26-1) -> 21

Sheet Site 2
A1: site | B1: intf_prefix | C1: router-id | D1: brukernavn | E1: passord | F1: vty_lines | G1: secret | H1: tacacs_key | I1: dns_servers | J1: tacacs_server_ip | K1: syslog_server_ip | L1: urpf_mode | M1: radius_server_ip | N1: radius_key | O1: tacacs_syntax | P1: radius_syntax | Q1: dot1x_syntax | R1: eigrp_syntax | S1: vrf_syntax | T1: ike_version | U1: secret_type | V1: trunk_encapsulation | W1: snmpv3_enabled | X1: snmp_server_ip | Y1: snmp_user | Z1: snmp_auth_password | AA1: snmp_priv_password
A2: 2 | B2: g0/ | C2: =A2&"."&A2&"."&A2&".0" -> 2.2.2.0 | D2: admin | E2: $9$0nNdTjfcaOQFlP$4VgON16XmZXlfGr4BcOzEN7OoRxfPIAcXDQ0afwx67k | F2: 0 - 15 | G2: $9$0nNdTjfcaOQFlP$4VgON16XmZXlfGr4BcOzEN7OoRxfPIAcXDQ0afwx67k | H2: ='Site 1 (HUB)'!I2 -> TACACS-KEY | I2: 8.8.8.8, 1.1.1.1 | J2: ='Site 1 (HUB)'!L2 -> 10.1.10.10 | K2: ='Site 1 (HUB)'!M2 -> 10.1.10.10 | L2: OFF | M2: ='Site 1 (HUB)'!O2 -> 10.1.10.10 | N2: ='Site 1 (HUB)'!P2 -> RADIUS-KEY | O2: NEW | P2: NEW | Q2: AUTH | R2: NAMED | S2: OLD | T2: IKEV2 | U2: 9 | V2: DOT1Q_CMD | W2: TRUE | X2: 10.1.10.10 | Y2: nmsuser | Z2: SNMP-AUTH-KEY | AA2: SNMP-PRIV-KEY
A4: vrf | B4: vlan | C4: interface | D4: nett id | E4: gateway | F4: mask | G4: address min | H4: address max | I4: antall-res | K4: pri-1-10
A5: MGMT | B5: 10 | C5: 0 | D5: =10&"."&$A$2&"."&B5&".0" -> 10.2.10.0 | E5: =10&"."&$A$2&"."&B5&".1" -> 10.2.10.1 | F5: 255.255.255.0 | G5: =VALUE(LEFT(D5,FIND(".",D5)-1))&"."&VALUE(MID(D5,FIND(".",D5)+1,FIND(".",D5,FIND(".",D5)+1)-FIND(".",D5)-1))&"."&VALUE(MID(D5,FIND(".",D5,FIND(".",D5)+1)+1,FIND(".",D5,FIND(".",D5,FIND(".",D5)+1)+1)-FIND(".",D5,FIND(".",D5)+1)-1))&"."&(VALUE(RIGHT(D5,LEN(D5)-FIND(".",D5,FIND(".",D5,FIND(".",D5)+1)+1)))+1) -> 10.2.10.1 | H5: =(VALUE(LEFT(D5,FIND(".",D5)-1))+255-VALUE(LEFT(F5,FIND(".",F5)-1)))&"."&(VALUE(MID(D5,FIND(".",D5)+1,FIND(".",D5,FIND(".",D5)+1)-FIND(".",D5)-1))+255-VALUE(MID(F5,FIND(".",F5)+1,FIND(".",F5,FIND(".",F5)+1)-FIND(".",F5)-1)))&"."&(VALUE(MID(D5,FIND(".",D5,FIND(".",D5)+1)+1,FIND(".",D5,FIND(".",D5,FIND(".",D5)+1)+1)-FIND(".",D5,FIND(".",D5)+1)-1))+255-VALUE(MID(F5,FIND(".",F5,FIND(".",F5)+1)+1,FIND(".",F5,FIND(".",F5,FIND(".",F5)+1)+1)-FIND(".",F5,FIND(".",F5)+1)-1)))&"."&(VALUE(RIGHT(D5,LEN(D5)-FIND(".",D5,FIND(".",D5,FIND(".",D5)+1)+1)))+255-VALUE(RIGHT(F5,LEN(F5)-FIND(".",F5,FIND(".",F5,FIND(".",F5)+1)+1)))-1) -> 10.2.10.254 | I5: 40 | J5: 21 | K5: 5
A6: INET | B6: 20 | C6: 0 | D6: =10&"."&$A$2&"."&B6&".0" -> 10.2.20.0 | E6: =10&"."&$A$2&"."&B6&".1" -> 10.2.20.1 | F6: 255.255.255.0 | G6: =VALUE(LEFT(D6,FIND(".",D6)-1))&"."&VALUE(MID(D6,FIND(".",D6)+1,FIND(".",D6,FIND(".",D6)+1)-FIND(".",D6)-1))&"."&VALUE(MID(D6,FIND(".",D6,FIND(".",D6)+1)+1,FIND(".",D6,FIND(".",D6,FIND(".",D6)+1)+1)-FIND(".",D6,FIND(".",D6)+1)-1))&"."&(VALUE(RIGHT(D6,LEN(D6)-FIND(".",D6,FIND(".",D6,FIND(".",D6)+1)+1)))+1) -> 10.2.20.1 | H6: =(VALUE(LEFT(D6,FIND(".",D6)-1))+255-VALUE(LEFT(F6,FIND(".",F6)-1)))&"."&(VALUE(MID(D6,FIND(".",D6)+1,FIND(".",D6,FIND(".",D6)+1)-FIND(".",D6)-1))+255-VALUE(MID(F6,FIND(".",F6)+1,FIND(".",F6,FIND(".",F6)+1)-FIND(".",F6)-1)))&"."&(VALUE(MID(D6,FIND(".",D6,FIND(".",D6)+1)+1,FIND(".",D6,FIND(".",D6,FIND(".",D6)+1)+1)-FIND(".",D6,FIND(".",D6)+1)-1))+255-VALUE(MID(F6,FIND(".",F6,FIND(".",F6)+1)+1,FIND(".",F6,FIND(".",F6,FIND(".",F6)+1)+1)-FIND(".",F6,FIND(".",F6)+1)-1)))&"."&(VALUE(RIGHT(D6,LEN(D6)-FIND(".",D6,FIND(".",D6,FIND(".",D6)+1)+1)))+255-VALUE(RIGHT(F6,LEN(F6)-FIND(".",F6,FIND(".",F6,FIND(".",F6)+1)+1)))-1) -> 10.2.20.254 | I6: 40 | J6: 11 | K6: 2
A7: UNET | B7: 30 | C7: 0 | D7: =10&"."&$A$2&"."&B7&".0" -> 10.2.30.0 | E7: =10&"."&$A$2&"."&B7&".1" -> 10.2.30.1 | F7: 255.255.255.0 | G7: =VALUE(LEFT(D7,FIND(".",D7)-1))&"."&VALUE(MID(D7,FIND(".",D7)+1,FIND(".",D7,FIND(".",D7)+1)-FIND(".",D7)-1))&"."&VALUE(MID(D7,FIND(".",D7,FIND(".",D7)+1)+1,FIND(".",D7,FIND(".",D7,FIND(".",D7)+1)+1)-FIND(".",D7,FIND(".",D7)+1)-1))&"."&(VALUE(RIGHT(D7,LEN(D7)-FIND(".",D7,FIND(".",D7,FIND(".",D7)+1)+1)))+1) -> 10.2.30.1 | H7: =(VALUE(LEFT(D7,FIND(".",D7)-1))+255-VALUE(LEFT(F7,FIND(".",F7)-1)))&"."&(VALUE(MID(D7,FIND(".",D7)+1,FIND(".",D7,FIND(".",D7)+1)-FIND(".",D7)-1))+255-VALUE(MID(F7,FIND(".",F7)+1,FIND(".",F7,FIND(".",F7)+1)-FIND(".",F7)-1)))&"."&(VALUE(MID(D7,FIND(".",D7,FIND(".",D7)+1)+1,FIND(".",D7,FIND(".",D7,FIND(".",D7)+1)+1)-FIND(".",D7,FIND(".",D7)+1)-1))+255-VALUE(MID(F7,FIND(".",F7,FIND(".",F7)+1)+1,FIND(".",F7,FIND(".",F7,FIND(".",F7)+1)+1)-FIND(".",F7,FIND(".",F7)+1)-1)))&"."&(VALUE(RIGHT(D7,LEN(D7)-FIND(".",D7,FIND(".",D7,FIND(".",D7)+1)+1)))+255-VALUE(RIGHT(F7,LEN(F7)-FIND(".",F7,FIND(".",F7,FIND(".",F7)+1)+1)))-1) -> 10.2.30.254 | I7: 40 | J7: 42 | K7: 7
A8: PA | B8: 40 | C8: 0 | D8: =10&"."&$A$2&"."&B8&".0" -> 10.2.40.0 | E8: =10&"."&$A$2&"."&B8&".1" -> 10.2.40.1 | F8: 255.255.255.0 | G8: =VALUE(LEFT(D8,FIND(".",D8)-1))&"."&VALUE(MID(D8,FIND(".",D8)+1,FIND(".",D8,FIND(".",D8)+1)-FIND(".",D8)-1))&"."&VALUE(MID(D8,FIND(".",D8,FIND(".",D8)+1)+1,FIND(".",D8,FIND(".",D8,FIND(".",D8)+1)+1)-FIND(".",D8,FIND(".",D8)+1)-1))&"."&(VALUE(RIGHT(D8,LEN(D8)-FIND(".",D8,FIND(".",D8,FIND(".",D8)+1)+1)))+1) -> 10.2.40.1 | H8: =(VALUE(LEFT(D8,FIND(".",D8)-1))+255-VALUE(LEFT(F8,FIND(".",F8)-1)))&"."&(VALUE(MID(D8,FIND(".",D8)+1,FIND(".",D8,FIND(".",D8)+1)-FIND(".",D8)-1))+255-VALUE(MID(F8,FIND(".",F8)+1,FIND(".",F8,FIND(".",F8)+1)-FIND(".",F8)-1)))&"."&(VALUE(MID(D8,FIND(".",D8,FIND(".",D8)+1)+1,FIND(".",D8,FIND(".",D8,FIND(".",D8)+1)+1)-FIND(".",D8,FIND(".",D8)+1)-1))+255-VALUE(MID(F8,FIND(".",F8,FIND(".",F8)+1)+1,FIND(".",F8,FIND(".",F8,FIND(".",F8)+1)+1)-FIND(".",F8,FIND(".",F8)+1)-1)))&"."&(VALUE(RIGHT(D8,LEN(D8)-FIND(".",D8,FIND(".",D8,FIND(".",D8)+1)+1)))+255-VALUE(RIGHT(F8,LEN(F8)-FIND(".",F8,FIND(".",F8,FIND(".",F8)+1)+1)))-1) -> 10.2.40.254 | I8: 40 | J8: 41 | K8: 10
A9: MONITORING | B9: 50 | C9: 0 | D9: =10&"."&$A$2&"."&B9&".0" -> 10.2.50.0 | E9: =10&"."&$A$2&"."&B9&".1" -> 10.2.50.1 | F9: 255.255.255.0 | G9: =VALUE(LEFT(D9,FIND(".",D9)-1))&"."&VALUE(MID(D9,FIND(".",D9)+1,FIND(".",D9,FIND(".",D9)+1)-FIND(".",D9)-1))&"."&VALUE(MID(D9,FIND(".",D9,FIND(".",D9)+1)+1,FIND(".",D9,FIND(".",D9,FIND(".",D9)+1)+1)-FIND(".",D9,FIND(".",D9)+1)-1))&"."&(VALUE(RIGHT(D9,LEN(D9)-FIND(".",D9,FIND(".",D9,FIND(".",D9)+1)+1)))+1) -> 10.2.50.1 | H9: =(VALUE(LEFT(D9,FIND(".",D9)-1))+255-VALUE(LEFT(F9,FIND(".",F9)-1)))&"."&(VALUE(MID(D9,FIND(".",D9)+1,FIND(".",D9,FIND(".",D9)+1)-FIND(".",D9)-1))+255-VALUE(MID(F9,FIND(".",F9)+1,FIND(".",F9,FIND(".",F9)+1)-FIND(".",F9)-1)))&"."&(VALUE(MID(D9,FIND(".",D9,FIND(".",D9)+1)+1,FIND(".",D9,FIND(".",D9,FIND(".",D9)+1)+1)-FIND(".",D9,FIND(".",D9)+1)-1))+255-VALUE(MID(F9,FIND(".",F9,FIND(".",F9)+1)+1,FIND(".",F9,FIND(".",F9,FIND(".",F9)+1)+1)-FIND(".",F9,FIND(".",F9)+1)-1)))&"."&(VALUE(RIGHT(D9,LEN(D9)-FIND(".",D9,FIND(".",D9,FIND(".",D9)+1)+1)))+255-VALUE(RIGHT(F9,LEN(F9)-FIND(".",F9,FIND(".",F9,FIND(".",F9)+1)+1)))-1) -> 10.2.50.254 | I9: 40 | J9: 41 | K9: 10
A11: vrf | B11: loopback | C11: laddr
A12: MGMT | B12: 10 | C12: =$A$2&"."&$A$2&"."&$A$2&"."&B12 -> 2.2.2.10
A13: INET | B13: 20 | C13: =$A$2&"."&$A$2&"."&$A$2&"."&B13 -> 2.2.2.20
A14: UNET | B14: 30 | C14: =$A$2&"."&$A$2&"."&$A$2&"."&B14 -> 2.2.2.30
A15: PA | B15: 40 | C15: =$A$2&"."&$A$2&"."&$A$2&"."&B15 -> 2.2.2.40
A16: MONITORING | B16: 50 | C16: =$A$2&"."&$A$2&"."&$A$2&"."&B16 -> 2.2.2.50
A18: tunnel id | B18: vrf | C18: ip address | D18: mask | E18: source | F18: destination | G18: gre mode | H18: network-id | I18: ipsec | J18: ipsec key
A19: tunnel 10 | B19: MGMT | C19: =172&"."&16&"."&H19&"."&$A$2 -> 172.16.10.2 | D19: 255.255.255.0 | E19: =$C$2 -> 2.2.2.0 | G19: multipoint | H19: 10 | I19: ='Site 1 (HUB)'!I19 -> TRUE
A20: tunnel 20 | B20: INET | C20: =172&"."&16&"."&H20&"."&$A$2 -> 172.16.20.2 | D20: 255.255.255.0 | E20: =$C$2 -> 2.2.2.0 | G20: multipoint | H20: 20 | I20: ='Site 1 (HUB)'!I20 -> FALSE
A21: tunnel 30 | B21: UNET | C21: =172&"."&16&"."&H21&"."&$A$2 -> 172.16.30.2 | D21: 255.255.255.0 | E21: =$C$2 -> 2.2.2.0 | G21: multipoint | H21: 30 | I21: ='Site 1 (HUB)'!I21 -> TRUE
A22: tunnel 40 | B22: PA | C22: =172&"."&16&"."&H22&"."&$A$2 -> 172.16.40.2 | D22: 255.255.255.0 | E22: =$C$2 -> 2.2.2.0 | G22: multipoint | H22: 40 | I22: ='Site 1 (HUB)'!I22 -> TRUE
A23: tunnel 50 | B23: MONITORING | C23: =172&"."&16&"."&H23&"."&$A$2 -> 172.16.40.2 | D23: 255.255.255.0 | E23: =$C$2 -> 2.2.2.0 | G23: multipoint | H23: 40 | I23: ='Site 1 (HUB)'!I23 -> TRUE
A25: site | B25: brukernavn | C25: passord | D25: vty_lines | E25: secret | F25: etherchan_num | G25: span_mode | H25: dot1x_vlans
A26: =$A$2 -> 2 | B26: =$D$2 -> admin | C26: =$E$2 -> $9$0nNdTjfcaOQFlP$4VgON16XmZXlfGr4BcOzEN7OoRxfPIAcXDQ0afwx67k | D26: =$F$2 -> 0 - 15 | E26: =$G$2 -> $9$0nNdTjfcaOQFlP$4VgON16XmZXlfGr4BcOzEN7OoRxfPIAcXDQ0afwx67k | F26: 2 | G26: SPAN | H26: 20,30,40
A28: SW | B28: MGMT Vlan | C28: MGMT ip | D28: gateway | E28: mask | F28: num_ports_tot | G28: skiped_ports | H28: num_downlink | I28: vlan-antall | J28: intf_prefix | K28: num_port_ledig | L28: MONITORING ip | M28: tacacs_syntax | N28: radius_syntax | O28: dot1x_syntax | P28: secret_type | Q28: trunk_encapsulation
A29: =ROW()-28 -> 1 | B29: =$B$5 -> 10 | C29: =10&"."&$A$2&"."&$B$5&"."&(A29+1) -> 10.2.10.2 | D29: =$E$5 -> 10.2.10.1 | E29: =$F$5 -> 255.255.255.0 | F29: 49 | G29: 1 | H29: 1 | I29: 20.5-30.5-40.5 | J29: g1/0/ | K29: =IF($A29=1,F29-G29-H29*$F$26-2-IF(OR(UPPER($G$26)="SPAN",UPPER($G$26)="RSPAN"),1,0),F29-G29-(1+H29)*$F$26-1) -> 43

Sheet Site 3
A1: site | B1: intf_prefix | C1: router-id | D1: brukernavn | E1: passord | F1: vty_lines | G1: secret | H1: tacacs_key | I1: dns_servers | J1: tacacs_server_ip | K1: syslog_server_ip | L1: urpf_mode | M1: radius_server_ip | N1: radius_key | O1: tacacs_syntax | P1: radius_syntax | Q1: dot1x_syntax | R1: eigrp_syntax | S1: vrf_syntax | T1: ike_version | U1: secret_type | V1: trunk_encapsulation | W1: snmpv3_enabled | X1: snmp_server_ip | Y1: snmp_user | Z1: snmp_auth_password | AA1: snmp_priv_password
A2: 3 | B2: g0/ | C2: =A2&"."&A2&"."&A2&".0" -> 3.3.3.0 | D2: admin | E2: $9$0nNdTjfcaOQFlP$4VgON16XmZXlfGr4BcOzEN7OoRxfPIAcXDQ0afwx67k | F2: 0 - 15 | G2: $9$0nNdTjfcaOQFlP$4VgON16XmZXlfGr4BcOzEN7OoRxfPIAcXDQ0afwx67k | H2: ='Site 1 (HUB)'!I2 -> TACACS-KEY | I2: 8.8.8.8, 1.1.1.1 | J2: ='Site 1 (HUB)'!L2 -> 10.1.10.10 | K2: ='Site 1 (HUB)'!M2 -> 10.1.10.10 | L2: OFF | M2: ='Site 1 (HUB)'!O2 -> 10.1.10.10 | N2: ='Site 1 (HUB)'!P2 -> RADIUS-KEY | O2: NEW | P2: NEW | Q2: AUTH | R2: NAMED | S2: OLD | T2: IKEV2 | U2: 9 | V2: DOT1Q_CMD | W2: TRUE | X2: 10.1.10.10 | Y2: nmsuser | Z2: SNMP-AUTH-KEY | AA2: SNMP-PRIV-KEY
A4: vrf | B4: vlan | C4: interface | D4: nett id | E4: gateway | F4: mask | G4: address min | H4: address max | I4: antall-res | K4: pri-1-10
A5: MGMT | B5: 10 | C5: 0 | D5: =10&"."&$A$2&"."&B5&".0" -> 10.3.10.0 | E5: =10&"."&$A$2&"."&B5&".1" -> 10.3.10.1 | F5: 255.255.255.0 | G5: =VALUE(LEFT(D5,FIND(".",D5)-1))&"."&VALUE(MID(D5,FIND(".",D5)+1,FIND(".",D5,FIND(".",D5)+1)-FIND(".",D5)-1))&"."&VALUE(MID(D5,FIND(".",D5,FIND(".",D5)+1)+1,FIND(".",D5,FIND(".",D5,FIND(".",D5)+1)+1)-FIND(".",D5,FIND(".",D5)+1)-1))&"."&(VALUE(RIGHT(D5,LEN(D5)-FIND(".",D5,FIND(".",D5,FIND(".",D5)+1)+1)))+1) -> 10.3.10.1 | H5: =(VALUE(LEFT(D5,FIND(".",D5)-1))+255-VALUE(LEFT(F5,FIND(".",F5)-1)))&"."&(VALUE(MID(D5,FIND(".",D5)+1,FIND(".",D5,FIND(".",D5)+1)-FIND(".",D5)-1))+255-VALUE(MID(F5,FIND(".",F5)+1,FIND(".",F5,FIND(".",F5)+1)-FIND(".",F5)-1)))&"."&(VALUE(MID(D5,FIND(".",D5,FIND(".",D5)+1)+1,FIND(".",D5,FIND(".",D5,FIND(".",D5)+1)+1)-FIND(".",D5,FIND(".",D5)+1)-1))+255-VALUE(MID(F5,FIND(".",F5,FIND(".",F5)+1)+1,FIND(".",F5,FIND(".",F5,FIND(".",F5)+1)+1)-FIND(".",F5,FIND(".",F5)+1)-1)))&"."&(VALUE(RIGHT(D5,LEN(D5)-FIND(".",D5,FIND(".",D5,FIND(".",D5)+1)+1)))+255-VALUE(RIGHT(F5,LEN(F5)-FIND(".",F5,FIND(".",F5,FIND(".",F5)+1)+1)))-1) -> 10.3.10.254 | I5: 40 | J5: 21 | K5: 5
A6: INET | B6: 20 | C6: 0 | D6: =10&"."&$A$2&"."&B6&".0" -> 10.3.20.0 | E6: =10&"."&$A$2&"."&B6&".1" -> 10.3.20.1 | F6: 255.255.255.0 | G6: =VALUE(LEFT(D6,FIND(".",D6)-1))&"."&VALUE(MID(D6,FIND(".",D6)+1,FIND(".",D6,FIND(".",D6)+1)-FIND(".",D6)-1))&"."&VALUE(MID(D6,FIND(".",D6,FIND(".",D6)+1)+1,FIND(".",D6,FIND(".",D6,FIND(".",D6)+1)+1)-FIND(".",D6,FIND(".",D6)+1)-1))&"."&(VALUE(RIGHT(D6,LEN(D6)-FIND(".",D6,FIND(".",D6,FIND(".",D6)+1)+1)))+1) -> 10.3.20.1 | H6: =(VALUE(LEFT(D6,FIND(".",D6)-1))+255-VALUE(LEFT(F6,FIND(".",F6)-1)))&"."&(VALUE(MID(D6,FIND(".",D6)+1,FIND(".",D6,FIND(".",D6)+1)-FIND(".",D6)-1))+255-VALUE(MID(F6,FIND(".",F6)+1,FIND(".",F6,FIND(".",F6)+1)-FIND(".",F6)-1)))&"."&(VALUE(MID(D6,FIND(".",D6,FIND(".",D6)+1)+1,FIND(".",D6,FIND(".",D6,FIND(".",D6)+1)+1)-FIND(".",D6,FIND(".",D6)+1)-1))+255-VALUE(MID(F6,FIND(".",F6,FIND(".",F6)+1)+1,FIND(".",F6,FIND(".",F6,FIND(".",F6)+1)+1)-FIND(".",F6,FIND(".",F6)+1)-1)))&"."&(VALUE(RIGHT(D6,LEN(D6)-FIND(".",D6,FIND(".",D6,FIND(".",D6)+1)+1)))+255-VALUE(RIGHT(F6,LEN(F6)-FIND(".",F6,FIND(".",F6,FIND(".",F6)+1)+1)))-1) -> 10.3.20.254 | I6: 40 | J6: 11 | K6: 2
A7: UNET | B7: 30 | C7: 0 | D7: =10&"."&$A$2&"."&B7&".0" -> 10.3.30.0 | E7: =10&"."&$A$2&"."&B7&".1" -> 10.3.30.1 | F7: 255.255.255.0 | G7: =VALUE(LEFT(D7,FIND(".",D7)-1))&"."&VALUE(MID(D7,FIND(".",D7)+1,FIND(".",D7,FIND(".",D7)+1)-FIND(".",D7)-1))&"."&VALUE(MID(D7,FIND(".",D7,FIND(".",D7)+1)+1,FIND(".",D7,FIND(".",D7,FIND(".",D7)+1)+1)-FIND(".",D7,FIND(".",D7)+1)-1))&"."&(VALUE(RIGHT(D7,LEN(D7)-FIND(".",D7,FIND(".",D7,FIND(".",D7)+1)+1)))+1) -> 10.3.30.1 | H7: =(VALUE(LEFT(D7,FIND(".",D7)-1))+255-VALUE(LEFT(F7,FIND(".",F7)-1)))&"."&(VALUE(MID(D7,FIND(".",D7)+1,FIND(".",D7,FIND(".",D7)+1)-FIND(".",D7)-1))+255-VALUE(MID(F7,FIND(".",F7)+1,FIND(".",F7,FIND(".",F7)+1)-FIND(".",F7)-1)))&"."&(VALUE(MID(D7,FIND(".",D7,FIND(".",D7)+1)+1,FIND(".",D7,FIND(".",D7,FIND(".",D7)+1)+1)-FIND(".",D7,FIND(".",D7)+1)-1))+255-VALUE(MID(F7,FIND(".",F7,FIND(".",F7)+1)+1,FIND(".",F7,FIND(".",F7,FIND(".",F7)+1)+1)-FIND(".",F7,FIND(".",F7)+1)-1)))&"."&(VALUE(RIGHT(D7,LEN(D7)-FIND(".",D7,FIND(".",D7,FIND(".",D7)+1)+1)))+255-VALUE(RIGHT(F7,LEN(F7)-FIND(".",F7,FIND(".",F7,FIND(".",F7)+1)+1)))-1) -> 10.3.30.254 | I7: 40 | J7: 42 | K7: 7
A8: PA | B8: 40 | C8: 0 | D8: =10&"."&$A$2&"."&B8&".0" -> 10.3.40.0 | E8: =10&"."&$A$2&"."&B8&".1" -> 10.3.40.1 | F8: 255.255.255.0 | G8: =VALUE(LEFT(D8,FIND(".",D8)-1))&"."&VALUE(MID(D8,FIND(".",D8)+1,FIND(".",D8,FIND(".",D8)+1)-FIND(".",D8)-1))&"."&VALUE(MID(D8,FIND(".",D8,FIND(".",D8)+1)+1,FIND(".",D8,FIND(".",D8,FIND(".",D8)+1)+1)-FIND(".",D8,FIND(".",D8)+1)-1))&"."&(VALUE(RIGHT(D8,LEN(D8)-FIND(".",D8,FIND(".",D8,FIND(".",D8)+1)+1)))+1) -> 10.3.40.1 | H8: =(VALUE(LEFT(D8,FIND(".",D8)-1))+255-VALUE(LEFT(F8,FIND(".",F8)-1)))&"."&(VALUE(MID(D8,FIND(".",D8)+1,FIND(".",D8,FIND(".",D8)+1)-FIND(".",D8)-1))+255-VALUE(MID(F8,FIND(".",F8)+1,FIND(".",F8,FIND(".",F8)+1)-FIND(".",F8)-1)))&"."&(VALUE(MID(D8,FIND(".",D8,FIND(".",D8)+1)+1,FIND(".",D8,FIND(".",D8,FIND(".",D8)+1)+1)-FIND(".",D8,FIND(".",D8)+1)-1))+255-VALUE(MID(F8,FIND(".",F8,FIND(".",F8)+1)+1,FIND(".",F8,FIND(".",F8,FIND(".",F8)+1)+1)-FIND(".",F8,FIND(".",F8)+1)-1)))&"."&(VALUE(RIGHT(D8,LEN(D8)-FIND(".",D8,FIND(".",D8,FIND(".",D8)+1)+1)))+255-VALUE(RIGHT(F8,LEN(F8)-FIND(".",F8,FIND(".",F8,FIND(".",F8)+1)+1)))-1) -> 10.3.40.254 | I8: 40 | J8: 41 | K8: 10
A9: MONITORING | B9: 50 | C9: 0 | D9: =10&"."&$A$2&"."&B9&".0" -> 10.3.50.0 | E9: =10&"."&$A$2&"."&B9&".1" -> 10.3.50.1 | F9: 255.255.255.0 | G9: =VALUE(LEFT(D9,FIND(".",D9)-1))&"."&VALUE(MID(D9,FIND(".",D9)+1,FIND(".",D9,FIND(".",D9)+1)-FIND(".",D9)-1))&"."&VALUE(MID(D9,FIND(".",D9,FIND(".",D9)+1)+1,FIND(".",D9,FIND(".",D9,FIND(".",D9)+1)+1)-FIND(".",D9,FIND(".",D9)+1)-1))&"."&(VALUE(RIGHT(D9,LEN(D9)-FIND(".",D9,FIND(".",D9,FIND(".",D9)+1)+1)))+1) -> 10.3.50.1 | H9: =(VALUE(LEFT(D9,FIND(".",D9)-1))+255-VALUE(LEFT(F9,FIND(".",F9)-1)))&"."&(VALUE(MID(D9,FIND(".",D9)+1,FIND(".",D9,FIND(".",D9)+1)-FIND(".",D9)-1))+255-VALUE(MID(F9,FIND(".",F9)+1,FIND(".",F9,FIND(".",F9)+1)-FIND(".",F9)-1)))&"."&(VALUE(MID(D9,FIND(".",D9,FIND(".",D9)+1)+1,FIND(".",D9,FIND(".",D9,FIND(".",D9)+1)+1)-FIND(".",D9,FIND(".",D9)+1)-1))+255-VALUE(MID(F9,FIND(".",F9,FIND(".",F9)+1)+1,FIND(".",F9,FIND(".",F9,FIND(".",F9)+1)+1)-FIND(".",F9,FIND(".",F9)+1)-1)))&"."&(VALUE(RIGHT(D9,LEN(D9)-FIND(".",D9,FIND(".",D9,FIND(".",D9)+1)+1)))+255-VALUE(RIGHT(F9,LEN(F9)-FIND(".",F9,FIND(".",F9,FIND(".",F9)+1)+1)))-1) -> 10.3.50.254 | I9: 40 | J9: 41 | K9: 10
A11: vrf | B11: loopback | C11: laddr
A12: MGMT | B12: 10 | C12: =$A$2&"."&$A$2&"."&$A$2&"."&B12 -> 3.3.3.10
A13: INET | B13: 20 | C13: =$A$2&"."&$A$2&"."&$A$2&"."&B13 -> 3.3.3.20
A14: UNET | B14: 30 | C14: =$A$2&"."&$A$2&"."&$A$2&"."&B14 -> 3.3.3.30
A15: PA | B15: 40 | C15: =$A$2&"."&$A$2&"."&$A$2&"."&B15 -> 3.3.3.40
A16: MONITORING | B16: 50 | C16: =$A$2&"."&$A$2&"."&$A$2&"."&B16 -> 3.3.3.50
A18: tunnel id | B18: vrf | C18: ip address | D18: mask | E18: source | F18: destination | G18: gre mode | H18: network-id | I18: ipsec | J18: ipsec key
A19: tunnel 10 | B19: MGMT | C19: =172&"."&16&"."&H19&"."&$A$2 -> 172.16.10.3 | D19: 255.255.255.0 | E19: =$C$2 -> 3.3.3.0 | G19: multipoint | H19: 10 | I19: ='Site 1 (HUB)'!I19 -> TRUE
A20: tunnel 20 | B20: INET | C20: =172&"."&16&"."&H20&"."&$A$2 -> 172.16.20.3 | D20: 255.255.255.0 | E20: =$C$2 -> 3.3.3.0 | G20: multipoint | H20: 20 | I20: ='Site 1 (HUB)'!I20 -> FALSE
A21: tunnel 30 | B21: UNET | C21: =172&"."&16&"."&H21&"."&$A$2 -> 172.16.30.3 | D21: 255.255.255.0 | E21: =$C$2 -> 3.3.3.0 | G21: multipoint | H21: 30 | I21: ='Site 1 (HUB)'!I21 -> TRUE
A22: tunnel 40 | B22: PA | C22: =172&"."&16&"."&H22&"."&$A$2 -> 172.16.40.3 | D22: 255.255.255.0 | E22: =$C$2 -> 3.3.3.0 | G22: multipoint | H22: 40 | I22: ='Site 1 (HUB)'!I22 -> TRUE
A23: tunnel 50 | B23: MONITORING | C23: =172&"."&16&"."&H23&"."&$A$2 -> 172.16.40.3 | D23: 255.255.255.0 | E23: =$C$2 -> 3.3.3.0 | G23: multipoint | H23: 40 | I23: ='Site 1 (HUB)'!I23 -> TRUE
A25: site | B25: brukernavn | C25: passord | D25: vty_lines | E25: secret | F25: etherchan_num | G25: span_mode | H25: dot1x_vlans
A26: =$A$2 -> 3 | B26: =$D$2 -> admin | C26: =$E$2 -> $9$0nNdTjfcaOQFlP$4VgON16XmZXlfGr4BcOzEN7OoRxfPIAcXDQ0afwx67k | D26: =$F$2 -> 0 - 15 | E26: =$G$2 -> $9$0nNdTjfcaOQFlP$4VgON16XmZXlfGr4BcOzEN7OoRxfPIAcXDQ0afwx67k | F26: 2 | G26: SPAN | H26: 20,30,40
A28: SW | B28: MGMT Vlan | C28: MGMT ip | D28: gateway | E28: mask | F28: num_ports_tot | G28: skiped_ports | H28: num_downlink | I28: vlan-antall | J28: intf_prefix | K28: num_port_ledig | L28: MONITORING ip | M28: tacacs_syntax | N28: radius_syntax | O28: dot1x_syntax | P28: secret_type | Q28: trunk_encapsulation
A29: =ROW()-28 -> 1 | B29: =$B$5 -> 10 | C29: =10&"."&$A$2&"."&$B$5&"."&(A29+1) -> 10.3.10.2 | D29: =$E$5 -> 10.3.10.1 | E29: =$F$5 -> 255.255.255.0 | F29: 49 | G29: 1 | H29: 1 | I29: 20.5-30.5-40.5 | J29: g1/0/ | K29: =IF($A29=1,F29-G29-H29*$F$26-2-IF(OR(UPPER($G$26)="SPAN",UPPER($G$26)="RSPAN"),1,0),F29-G29-(1+H29)*$F$26-1) -> 43
A30: =ROW()-28 -> 2 | B30: =$B$5 -> 10 | C30: =10&"."&$A$2&"."&$B$5&"."&(A30+1) -> 10.3.10.3 | D30: =$E$5 -> 10.3.10.1 | E30: =$F$5 -> 255.255.255.0 | F30: 11 | G30: 1 | H30: 0 | I30: 20.2-30.2-40.2 | J30: g0/ | K30: =IF($A30=1,F30-G30-H30*$F$26-2-IF(OR(UPPER($G$26)="SPAN",UPPER($G$26)="RSPAN"),1,0),F30-G30-(1+H30)*$F$26-1) -> 7

Sheet FLOW_POLICY
A1: source | B1: destination | C1: protocol | D1: destination_port | E1: action | G1: FLOW_POLICY | H1: Hvordan den brukes
A2: MGMT | B2: DHCP | C2: udp | D2: 67 | E2: permit | G2: Rekkefølge | H2: Regler evalueres ovenfra og ned. Generatoren avslutter hver ACL med deny ip any any log.
A3: MGMT | B3: MGMT | C3: ip | D3: any | E3: permit | G3: VRF-navn | H3: Destination=MGMT/INET/UNET/PA betyr kjente LAN-nett i VRF-en på tvers av sites. MGMT inkluderer også MGMT-loopbacks for administrasjon.
A4: INET | B4: DHCP | C4: udp | D4: 67 | E4: permit | G4: INTERNET/ANY | H4: Matcher any. Legg eksplisitte deny-regler før brede Internet-permits når interne mål skal blokkeres.
A5: INET | B5: INET | C5: ip | D5: any | E5: deny | G5: DHCP | H5: Spesialregel som genererer UDP 68 -> 67 slik at DHCP Discover ikke blokkeres av source-subnet match.
A6: INET | B6: DNS | C6: udp | D6: 53 | E6: permit | G6: DNS/TACACS/SYSLOG | H6: Slår opp server-IP automatisk fra metadata i site-arkene.
A7: INET | B7: DNS | C7: tcp | D7: 53 | E7: permit | G7: uRPF | H7: urpf_mode står OFF som standard. STRICT/LOOSE er tilgjengelig, men må testes mot DHCP/asymmetrisk routing.
A8: INET | B8: INTERNET | C8: tcp | D8: 80 | E8: permit | G8: MONITORING | H8: Ikke med i standard klient-flow-policy. ERSPAN/MONITORING behandles som infrastruktur slik at speiltrafikken ikke blokkeres ved et uhell.
A9: INET | B9: INTERNET | C9: tcp | D9: 443 | E9: permit | G9: Tilpass | H9: Endre radene i A:E til den faktiske tjenestematrisen. Bare sources som finnes i policyen får en generert ingress-ACL.
A10: UNET | B10: DHCP | C10: udp | D10: 67 | E10: permit
A11: UNET | B11: UNET | C11: ip | D11: any | E11: permit
A12: PA | B12: DHCP | C12: udp | D12: 67 | E12: permit
A13: PA | B13: PA | C13: ip | D13: any | E13: permit
A14: MONITORING | B14: MONITORING | C14: ip | D14: any | E14: permit | G14: RADIUS | H14: Destination=RADIUS kan brukes som symbolsk mål og slår opp radius_server_ip fra site-metadata.
G15: 802.1X | H15: dot1x_vlans i switch-metadata styrer hvilke klient-VLAN som får 802.1X på accessportene.
